rank,hs6,producto,vcr_prom,valor_prom_usd_mm
1,090111,Café sin tostar o descafeinar,4.95,235.79
2,270112,Carbón bituminoso,1.43,137.17
3,080450,"Guayabas, mangos y mangostanes",27.18,5.44
4,060319,Flores frescas (otras),1.61,27.6
5,300432,Medicamentos corticosteroides,15.01,3.96
6,611596,Medias de fibra sintética,16.06,1.8
7,730792,Accesorios de tubería (hierro),9.99,8.59
8,030482,Filetes de trucha congelada,13.09,0.89
9,200819,Nueces y semillas procesadas,12.29,0.54
10,060311,Rosas frescas,1.98,11.34
